CREATE DATABASE  IF NOT EXISTS `bankdb` /*!40100 DEFAULT CHARACTER SET utf8mb3 */ /*!80016 DEFAULT ENCRYPTION='N' */;
USE `bankdb`;
-- MySQL dump 10.13  Distrib 8.0.36, for Win64 (x86_64)
--
-- Host: 127.0.0.1    Database: bankdb
-- ------------------------------------------------------
-- Server version	8.2.0

/*!40101 SET @OLD_CHARACTER_SET_CLIENT=@@CHARACTER_SET_CLIENT */;
/*!40101 SET @OLD_CHARACTER_SET_RESULTS=@@CHARACTER_SET_RESULTS */;
/*!40101 SET @OLD_COLLATION_CONNECTION=@@COLLATION_CONNECTION */;
/*!50503 SET NAMES utf8 */;
/*!40103 SET @OLD_TIME_ZONE=@@TIME_ZONE */;
/*!40103 SET TIME_ZONE='+00:00' */;
/*!40014 SET @OLD_UNIQUE_CHECKS=@@UNIQUE_CHECKS, UNIQUE_CHECKS=0 */;
/*!40014 SET @OLD_FOREIGN_KEY_CHECKS=@@FOREIGN_KEY_CHECKS, FOREIGN_KEY_CHECKS=0 */;
/*!40101 SET @OLD_SQL_MODE=@@SQL_MODE, SQL_MODE='NO_AUTO_VALUE_ON_ZERO' */;
/*!40111 SET @OLD_SQL_NOTES=@@SQL_NOTES, SQL_NOTES=0 */;

--
-- Table structure for table `account`
--

DROP TABLE IF EXISTS `account`;
/*!40101 SET @saved_cs_client     = @@character_set_client */;
/*!50503 SET character_set_client = utf8mb4 */;
CREATE TABLE `account` (
  `idAccount` varchar(18) NOT NULL,
  `balance` decimal(10,2) NOT NULL,
  `creditLimit` decimal(10,2) NOT NULL,
  `accountOwner` varchar(45) NOT NULL,
  PRIMARY KEY (`idAccount`),
  KEY `accountOwner_idx` (`accountOwner`),
  CONSTRAINT `accountOwner` FOREIGN KEY (`accountOwner`) REFERENCES `customer` (`idCustomer`) ON DELETE RESTRICT ON UPDATE CASCADE
) ENGINE=InnoDB DEFAULT CHARSET=utf8mb3;
/*!40101 SET character_set_client = @saved_cs_client */;

--
-- Dumping data for table `account`
--

LOCK TABLES `account` WRITE;
/*!40000 ALTER TABLE `account` DISABLE KEYS */;
INSERT INTO `account` VALUES ('FI0445678900000084',1500.45,0.00,'6'),('FI2223456700000002',680.95,2000.00,'5'),('FI2223456700000102',900.35,1000.00,'3'),('FI2445678900000104',2090.80,0.00,'4'),('FI4889012300000028',2800.30,0.00,'3'),('FI8334567800000063',900.30,0.00,'1'),('FI8445678900000064',2510.00,4500.00,'4'),('FI8990123400000069',2200.95,0.00,'2');
/*!40000 ALTER TABLE `account` ENABLE KEYS */;
UNLOCK TABLES;

--
-- Table structure for table `card`
--

DROP TABLE IF EXISTS `card`;
/*!40101 SET @saved_cs_client     = @@character_set_client */;
/*!50503 SET character_set_client = utf8mb4 */;
CREATE TABLE `card` (
  `idCard` varchar(20) NOT NULL,
  `cardPin` varchar(255) NOT NULL,
  `cardValid` tinyint(1) NOT NULL,
  PRIMARY KEY (`idCard`)
) ENGINE=InnoDB DEFAULT CHARSET=utf8mb3;
/*!40101 SET character_set_client = @saved_cs_client */;

--
-- Dumping data for table `card`
--

LOCK TABLES `card` WRITE;
/*!40000 ALTER TABLE `card` DISABLE KEYS */;
INSERT INTO `card` VALUES ('0500CB1E52','$2a$10$QbHe0oXhXC7pe/E835SbxuPuHwr5u4vwi5/MrqqNHrxNZVqJdRdCW',1),('0500CB1EDE','$2a$10$kyMFoiHGyoAZuiPIa4GHbuUGnCGCxhE31N449Klfsmh/D9x/53HAK',1),('0600062009','$2a$10$Qyo98QSVn53nP4Q7Fuct4OEXtW45.M.TnvK/NG8K/OphhuUynyTxa',1),('6319-7042-8350-1674','$2a$12$oZd1F3bT/XXDTI8qGBdgA.vhiwz02Wnn5fI6fSKLEHTTOREnthyO6',1),('8201-6374-5908-1462','$2a$12$IFMrjU9buxmFAH5K9516r.BIjAsjvIYYxhF1R8xtdq7x3hnp5DJw6',1),('9407-2685-3140-7592','$2a$12$aIv284LWpHY6vu5b.LMSBOf0p80/WnZMAQlEs4Wq4MY/cWqRjZdVe',1);
/*!40000 ALTER TABLE `card` ENABLE KEYS */;
UNLOCK TABLES;

--
-- Table structure for table `cardaccount`
--

DROP TABLE IF EXISTS `cardaccount`;
/*!40101 SET @saved_cs_client     = @@character_set_client */;
/*!50503 SET character_set_client = utf8mb4 */;
CREATE TABLE `cardaccount` (
  `idCard` varchar(20) NOT NULL,
  `idAccount` varchar(18) NOT NULL,
  PRIMARY KEY (`idCard`,`idAccount`),
  KEY `idAccount_idx` (`idAccount`),
  CONSTRAINT `cardIdAccount` FOREIGN KEY (`idAccount`) REFERENCES `account` (`idAccount`) ON DELETE RESTRICT ON UPDATE CASCADE,
  CONSTRAINT `cardIdCard` FOREIGN KEY (`idCard`) REFERENCES `card` (`idCard`) ON DELETE RESTRICT ON UPDATE CASCADE
) ENGINE=InnoDB DEFAULT CHARSET=utf8mb3;
/*!40101 SET character_set_client = @saved_cs_client */;

--
-- Dumping data for table `cardaccount`
--

LOCK TABLES `cardaccount` WRITE;
/*!40000 ALTER TABLE `cardaccount` DISABLE KEYS */;
INSERT INTO `cardaccount` VALUES ('6319-7042-8350-1674','FI0445678900000084'),('0600062009','FI2223456700000002'),('9407-2685-3140-7592','FI2223456700000102'),('0500CB1EDE','FI2445678900000104'),('8201-6374-5908-1462','FI4889012300000028'),('0500CB1EDE','FI8445678900000064'),('0500CB1E52','FI8990123400000069');
/*!40000 ALTER TABLE `cardaccount` ENABLE KEYS */;
UNLOCK TABLES;

--
-- Table structure for table `customer`
--

DROP TABLE IF EXISTS `customer`;
/*!40101 SET @saved_cs_client     = @@character_set_client */;
/*!50503 SET character_set_client = utf8mb4 */;
CREATE TABLE `customer` (
  `idCustomer` varchar(45) NOT NULL,
  `firstName` varchar(45) NOT NULL,
  `lastName` varchar(45) NOT NULL,
  `streetAddress` varchar(45) NOT NULL,
  `phoneNumber` varchar(45) NOT NULL,
  PRIMARY KEY (`idCustomer`)
) ENGINE=InnoDB DEFAULT CHARSET=utf8mb3;
/*!40101 SET character_set_client = @saved_cs_client */;

--
-- Dumping data for table `customer`
--

LOCK TABLES `customer` WRITE;
/*!40000 ALTER TABLE `customer` DISABLE KEYS */;
INSERT INTO `customer` VALUES ('1','Sara','Nieminen','Pajukuja 6 A 8','+358463456789'),('2','Tuija','Koskinen','M채ntytie 4','+358469012345'),('3','Amir','Hosseini','Katajatie 3 C 15','+358428901234'),('4','Jussi','Lehto','Katajatie 14 A 8','+358504567890'),('5','Anton','J채rvinen','Kuusitie 30','+358402345678'),('6','Kirsi','J채rvinen','Kuusitie 30','+358484567890');
/*!40000 ALTER TABLE `customer` ENABLE KEYS */;
UNLOCK TABLES;

--
-- Table structure for table `customeraccount`
--

DROP TABLE IF EXISTS `customeraccount`;
/*!40101 SET @saved_cs_client     = @@character_set_client */;
/*!50503 SET character_set_client = utf8mb4 */;
CREATE TABLE `customeraccount` (
  `idCustomer` varchar(45) NOT NULL,
  `idAccount` varchar(18) NOT NULL,
  PRIMARY KEY (`idCustomer`,`idAccount`),
  KEY `tili_id_idx` (`idAccount`),
  CONSTRAINT `accountIdAccount` FOREIGN KEY (`idAccount`) REFERENCES `account` (`idAccount`) ON DELETE RESTRICT ON UPDATE CASCADE,
  CONSTRAINT `customerIdCustomer` FOREIGN KEY (`idCustomer`) REFERENCES `customer` (`idCustomer`) ON DELETE RESTRICT ON UPDATE CASCADE
) ENGINE=InnoDB DEFAULT CHARSET=utf8mb3;
/*!40101 SET character_set_client = @saved_cs_client */;

--
-- Dumping data for table `customeraccount`
--

LOCK TABLES `customeraccount` WRITE;
/*!40000 ALTER TABLE `customeraccount` DISABLE KEYS */;
INSERT INTO `customeraccount` VALUES ('5','FI0445678900000084'),('6','FI0445678900000084'),('5','FI2223456700000002'),('3','FI2223456700000102'),('4','FI2445678900000104'),('3','FI4889012300000028'),('1','FI8334567800000063'),('4','FI8445678900000064'),('2','FI8990123400000069');
/*!40000 ALTER TABLE `customeraccount` ENABLE KEYS */;
UNLOCK TABLES;

--
-- Table structure for table `transaction`
--

DROP TABLE IF EXISTS `transaction`;
/*!40101 SET @saved_cs_client     = @@character_set_client */;
/*!50503 SET character_set_client = utf8mb4 */;
CREATE TABLE `transaction` (
  `idTransaction` int NOT NULL AUTO_INCREMENT,
  `idAccount` varchar(18) NOT NULL,
  `idCard` varchar(20) DEFAULT NULL,
  `dateAndTime` datetime NOT NULL,
  `transactionType` varchar(45) NOT NULL,
  `transactionAmount` decimal(10,2) NOT NULL,
  `participantAccount` varchar(45) DEFAULT NULL,
  PRIMARY KEY (`idTransaction`),
  KEY `idAccount_idx` (`idAccount`),
  CONSTRAINT `transactionIdAccount` FOREIGN KEY (`idAccount`) REFERENCES `account` (`idAccount`) ON DELETE RESTRICT ON UPDATE CASCADE
) ENGINE=InnoDB AUTO_INCREMENT=136 DEFAULT CHARSET=utf8mb3;
/*!40101 SET character_set_client = @saved_cs_client */;

--
-- Dumping data for table `transaction`
--

LOCK TABLES `transaction` WRITE;
/*!40000 ALTER TABLE `transaction` DISABLE KEYS */;
INSERT INTO `transaction` VALUES (100,'FI8334567800000063',NULL,'2024-04-01 15:00:00','Withdrawal',100.00,NULL),(101,'FI8990123400000069','3810-5623-7914-5069','2024-04-01 15:01:00','Withdrawal',100.00,NULL),(102,'FI4889012300000028','8201-6374-5908-1462','2024-04-01 15:02:00','Withdrawal',100.00,NULL),(103,'FI2223456700000102','9407-2685-3140-7592','2024-04-01 15:03:00','Withdrawal',100.00,NULL),(104,'FI2445678900000104','6902-3815-9430-1782','2024-04-01 15:04:00','Withdrawal',100.00,NULL),(105,'FI8445678900000064','6902-3815-9430-1782','2024-04-01 15:05:00','Withdrawal',100.00,NULL),(106,'FI2223456700000002','4716-8305-9247-0183','2024-04-01 15:06:00','Withdrawal',100.00,NULL),(107,'FI0445678900000084','6319-7042-8350-1674','2024-04-01 15:07:00','Withdrawal',100.00,NULL),(108,'FI0445678900000084',NULL,'2024-04-09 13:14:18','Withdrawal',100.00,'FI2223456700000002'),(109,'FI2223456700000002',NULL,'2024-04-09 13:14:18','Deposit',100.00,'FI0445678900000084'),(110,'FI2223456700000002',NULL,'2024-04-09 13:14:48','Withdrawal',100.00,'FI0445678900000084'),(111,'FI0445678900000084',NULL,'2024-04-09 13:14:48','Deposit',100.00,'FI2223456700000002'),(112,'FI2223456700000002',NULL,'2024-04-09 13:23:48','Withdrawal',200.00,NULL),(113,'FI2223456700000002',NULL,'2024-04-09 13:24:02','Withdrawal',200.00,NULL),(114,'FI2223456700000002',NULL,'2024-04-09 22:28:55','Withdrawal',200.00,'FI0445678900000084'),(115,'FI0445678900000084',NULL,'2024-04-09 22:28:55','Deposit',200.00,'FI2223456700000002'),(116,'FI0445678900000084',NULL,'2024-04-09 22:30:18','Withdrawal',200.00,'FI2223456700000002'),(117,'FI2223456700000002',NULL,'2024-04-09 22:30:18','Deposit',200.00,'FI0445678900000084'),(118,'FI2223456700000002',NULL,'2024-04-09 22:31:19','Withdrawal',200.00,'FI0445678900000084'),(119,'FI0445678900000084',NULL,'2024-04-09 22:31:19','Deposit',200.00,'FI2223456700000002'),(120,'FI2223456700000002',NULL,'2024-04-09 22:36:55','Withdrawal',200.00,'FI0445678900000084'),(121,'FI0445678900000084',NULL,'2024-04-09 22:36:55','Deposit',200.00,'FI2223456700000002'),(122,'FI2223456700000002',NULL,'2024-04-09 22:45:17','Withdrawal',100.00,NULL),(123,'FI0445678900000084',NULL,'2024-04-15 18:50:28','Withdrawal',90.00,NULL),(124,'FI0445678900000084',NULL,'2024-04-15 18:50:36','Withdrawal',90.00,NULL),(125,'FI0445678900000084',NULL,'2024-04-15 18:51:28','Withdrawal',20.00,NULL),(126,'FI0445678900000084',NULL,'2024-04-15 18:51:46','Withdrawal',20.00,NULL),(127,'FI2445678900000104',NULL,'2024-04-15 18:58:26','Withdrawal',90.00,NULL),(128,'FI8445678900000064',NULL,'2024-04-15 18:59:15','Withdrawal',90.00,NULL),(129,'FI2445678900000104',NULL,'2024-04-16 13:02:25','Withdrawal',20.00,NULL),(130,'FI2223456700000002',NULL,'2024-04-17 14:10:42','Withdrawal',200.00,'FI0445678900000084'),(131,'FI0445678900000084',NULL,'2024-04-17 14:10:42','Deposit',200.00,'FI2223456700000002'),(132,'FI2223456700000002',NULL,'2024-04-17 14:11:40','Withdrawal',200.00,'FI0445678900000084'),(133,'FI0445678900000084',NULL,'2024-04-17 14:11:40','Deposit',200.00,'FI2223456700000002'),(134,'FI2223456700000002',NULL,'2024-04-17 14:16:31','Withdrawal',20.00,'FI0445678900000084'),(135,'FI0445678900000084',NULL,'2024-04-17 14:16:31','Deposit',20.00,'FI2223456700000002');
/*!40000 ALTER TABLE `transaction` ENABLE KEYS */;
UNLOCK TABLES;

--
-- Dumping routines for database 'bankdb'
--
/*!50003 DROP PROCEDURE IF EXISTS `cash_withdrawal` */;
/*!50003 SET @saved_cs_client      = @@character_set_client */ ;
/*!50003 SET @saved_cs_results     = @@character_set_results */ ;
/*!50003 SET @saved_col_connection = @@collation_connection */ ;
/*!50003 SET character_set_client  = utf8mb4 */ ;
/*!50003 SET character_set_results = utf8mb4 */ ;
/*!50003 SET collation_connection  = utf8mb4_0900_ai_ci */ ;
/*!50003 SET @saved_sql_mode       = @@sql_mode */ ;
/*!50003 SET sql_mode              = 'ONLY_FULL_GROUP_BY,STRICT_TRANS_TABLES,NO_ZERO_IN_DATE,NO_ZERO_DATE,ERROR_FOR_DIVISION_BY_ZERO,NO_ENGINE_SUBSTITUTION' */ ;
DELIMITER ;;
CREATE DEFINER=`root`@`localhost` PROCEDURE `cash_withdrawal`(IN first_id VARCHAR(45), IN amount DOUBLE )
BEGIN
  DECLARE test1, test2 INT DEFAULT 0;
  START TRANSACTION;
  UPDATE account SET balance=balance-amount WHERE idAccount=first_id AND balance + creditLimit >= amount;
  SET test1=ROW_COUNT();
    IF (test1 > 0) THEN
      COMMIT;
      INSERT INTO transaction(idAccount,dateAndTime,transactionType,transactionAmount) VALUES(first_id,NOW(),'K채teisnosto',amount*-1);
    ELSE
      ROLLBACK;
  END IF;
END ;;
DELIMITER ;
/*!50003 SET sql_mode              = @saved_sql_mode */ ;
/*!50003 SET character_set_client  = @saved_cs_client */ ;
/*!50003 SET character_set_results = @saved_cs_results */ ;
/*!50003 SET collation_connection  = @saved_col_connection */ ;
/*!50003 DROP PROCEDURE IF EXISTS `credit_transfer` */;
/*!50003 SET @saved_cs_client      = @@character_set_client */ ;
/*!50003 SET @saved_cs_results     = @@character_set_results */ ;
/*!50003 SET @saved_col_connection = @@collation_connection */ ;
/*!50003 SET character_set_client  = utf8mb4 */ ;
/*!50003 SET character_set_results = utf8mb4 */ ;
/*!50003 SET collation_connection  = utf8mb4_0900_ai_ci */ ;
/*!50003 SET @saved_sql_mode       = @@sql_mode */ ;
/*!50003 SET sql_mode              = 'ONLY_FULL_GROUP_BY,STRICT_TRANS_TABLES,NO_ZERO_IN_DATE,NO_ZERO_DATE,ERROR_FOR_DIVISION_BY_ZERO,NO_ENGINE_SUBSTITUTION' */ ;
DELIMITER ;;
CREATE DEFINER=`root`@`localhost` PROCEDURE `credit_transfer`(IN first_id VARCHAR(45), IN second_id VARCHAR(45), IN amount DOUBLE )
BEGIN
  DECLARE test1, test2 INT DEFAULT 0;
  START TRANSACTION;
  UPDATE account SET balance=balance-amount WHERE idAccount=first_id AND balance + creditLimit >= amount;
  SET test1=ROW_COUNT();
  UPDATE account SET balance=balance+amount WHERE idAccount=second_id;
  SET test2=ROW_COUNT();
    IF (test1 > 0 AND test2 >0) THEN
      COMMIT;
      INSERT INTO transaction(idAccount,dateAndTime,transactionType,transactionAmount,participantAccount) VALUES(first_id,NOW(),'Tilisiirto',amount*-1,second_id);
      INSERT INTO transaction(idAccount,dateAndTime,transactionType,transactionAmount,participantAccount) VALUES(second_id,NOW(),'Tilisiirto',amount,first_id);
    ELSE
      ROLLBACK;
  END IF;
END ;;
DELIMITER ;
/*!50003 SET sql_mode              = @saved_sql_mode */ ;
/*!50003 SET character_set_client  = @saved_cs_client */ ;
/*!50003 SET character_set_results = @saved_cs_results */ ;
/*!50003 SET collation_connection  = @saved_col_connection */ ;
/*!40103 SET TIME_ZONE=@OLD_TIME_ZONE */;

/*!40101 SET SQL_MODE=@OLD_SQL_MODE */;
/*!40014 SET FOREIGN_KEY_CHECKS=@OLD_FOREIGN_KEY_CHECKS */;
/*!40014 SET UNIQUE_CHECKS=@OLD_UNIQUE_CHECKS */;
/*!40101 SET CHARACTER_SET_CLIENT=@OLD_CHARACTER_SET_CLIENT */;
/*!40101 SET CHARACTER_SET_RESULTS=@OLD_CHARACTER_SET_RESULTS */;
/*!40101 SET COLLATION_CONNECTION=@OLD_COLLATION_CONNECTION */;
/*!40111 SET SQL_NOTES=@OLD_SQL_NOTES */;

-- Dump completed on 2024-04-17 14:30:26
